"firstname","lastname","username","password","ou"
"Garland","Romprey","G.Romprey","Pass@word01","OU=Managers, OU=SYDNEY, DC=Piedpiper, DC=COM"
"Ormiston","Jestes","O.Jestes","Pass@word01","OU=Managers, OU=SYDNEY, DC=Piedpiper, DC=COM"
"Johnnie","Zombo","J.Zombo","Pass@word01","OU=Managers, OU=SYDNEY, DC=Piedpiper, DC=COM"
"Olin","Dahood","O.Dahood","Pass@word01","OU=Managers, OU=SYDNEY, DC=Piedpiper, DC=COM"
"Hallam","Feekes","H.Feekes","Pass@word01","OU=Managers, OU=SYDNEY, DC=Piedpiper, DC=COM"
"Tobie","Michelotti","T.Michelotti","Pass@word01","OU=Managers, OU=SYDNEY, DC=Piedpiper, DC=COM"
"Sammy","Janson","S.Janson","Pass@word01","OU=Managers, OU=SYDNEY, DC=Piedpiper, DC=COM"
"O'Callaghan","Hardel","O.Hardel","Pass@word01","OU=Managers, OU=SYDNEY, DC=Piedpiper, DC=COM"
"Evangelia","Shilt","E.Shilt","Pass@word01","OU=Managers, OU=SYDNEY, DC=Piedpiper, DC=COM"
"Korry","Betha","K.Betha","Pass@word01","OU=Managers, OU=SYDNEY, DC=Piedpiper, DC=COM"
"Tigges","Simank","T.Simank","Pass@word01","OU=Managers, OU=SYDNEY, DC=Piedpiper, DC=COM"
"Henryetta","Haldiman","H.Haldiman","Pass@word01","OU=Managers, OU=SYDNEY, DC=Piedpiper, DC=COM"
"Adelpho","Rundell","A.Rundell","Pass@word01","OU=Managers, OU=SYDNEY, DC=Piedpiper, DC=COM"
"Mercorr","Colehour","M.Colehour","Pass@word01","OU=Managers, OU=SYDNEY, DC=Piedpiper, DC=COM"
"Marcy","Hottes","M.Hottes","Pass@word01","OU=Managers, OU=SYDNEY, DC=Piedpiper, DC=COM"
"Bertina","Bendzans","B.Bendzans","Pass@word01","OU=Managers, OU=SYDNEY, DC=Piedpiper, DC=COM"
"Fleta","Carlan","F.Carlan","Pass@word01","OU=Managers, OU=SYDNEY, DC=Piedpiper, DC=COM"
"Martelli","Pescatore","M.Pescatore","Pass@word01","OU=Managers, OU=SYDNEY, DC=Piedpiper, DC=COM"
"Nikkie","Elward","N.Elward","Pass@word01","OU=Managers, OU=SYDNEY, DC=Piedpiper, DC=COM"
"Aviva","Catala","A.Catala","Pass@word01","OU=Managers, OU=SYDNEY, DC=Piedpiper, DC=COM"
"Abercromby","Magers","A.Magers","Pass@word01","OU=Managers, OU=SYDNEY, DC=Piedpiper, DC=COM"
"Cowey","Landan","C.Landan","Pass@word01","OU=Managers, OU=SYDNEY, DC=Piedpiper, DC=COM"
"Panta","Sedy","P.Sedy","Pass@word01","OU=Managers, OU=SYDNEY, DC=Piedpiper, DC=COM"
"Tonjes","Higinbotham","T.Higinbotham","Pass@word01","OU=Managers, OU=SYDNEY, DC=Piedpiper, DC=COM"
"Janenna","Eiler","J.Eiler","Pass@word01","OU=Managers, OU=SYDNEY, DC=Piedpiper, DC=COM"
"Lindy","Woolverton","L.Woolverton","Pass@word01","OU=Managers, OU=SYDNEY, DC=Piedpiper, DC=COM"
"As","Crother","A.Crother","Pass@word01","OU=Managers, OU=SYDNEY, DC=Piedpiper, DC=COM"
"Truda","Gravett","T.Gravett","Pass@word01","OU=Managers, OU=SYDNEY, DC=Piedpiper, DC=COM"
"Harte","Arpino","H.Arpino","Pass@word01","OU=Managers, OU=SYDNEY, DC=Piedpiper, DC=COM"
"Thais","Golombecki","T.Golombecki","Pass@word01","OU=Managers, OU=SYDNEY, DC=Piedpiper, DC=COM"
"Pegeen","Triska","P.Triska","Pass@word01","OU=Managers, OU=SYDNEY, DC=Piedpiper, DC=COM"
"Cioban","Tams","C.Tams","Pass@word01","OU=Managers, OU=SYDNEY, DC=Piedpiper, DC=COM"
"Amalbena","Trattner","A.Trattner","Pass@word01","OU=Managers, OU=SYDNEY, DC=Piedpiper, DC=COM"
"Grondin","Coldren","G.Coldren","Pass@word01","OU=Managers, OU=SYDNEY, DC=Piedpiper, DC=COM"
"Phippen","Nuvallie","P.Nuvallie","Pass@word01","OU=Managers, OU=SYDNEY, DC=Piedpiper, DC=COM"
"Callas","Hiner","C.Hiner","Pass@word01","OU=Managers, OU=SYDNEY, DC=Piedpiper, DC=COM"
"Kendry","Baena","K.Baena","Pass@word01","OU=Managers, OU=SYDNEY, DC=Piedpiper, DC=COM"
"Arissa","Lelacheur","A.Lelacheur","Pass@word01","OU=Managers, OU=SYDNEY, DC=Piedpiper, DC=COM"
"Gibe","Wunsch","G.Wunsch","Pass@word01","OU=Managers, OU=SYDNEY, DC=Piedpiper, DC=COM"
"Cassil","Harpine","C.Harpine","Pass@word01","OU=Managers, OU=SYDNEY, DC=Piedpiper, DC=COM"
"Aleta","Repinski","A.Repinski","Pass@word01","OU=Managers, OU=SYDNEY, DC=Piedpiper, DC=COM"
"Magas","Carolina","M.Carolina","Pass@word01","OU=Managers, OU=SYDNEY, DC=Piedpiper, DC=COM"
"Becca","Murrock","B.Murrock","Pass@word01","OU=Managers, OU=SYDNEY, DC=Piedpiper, DC=COM"
"Ostraw","Leichtenberge","O.Leichtenberge","Pass@word01","OU=Managers, OU=SYDNEY, DC=Piedpiper, DC=COM"
"Jeminah","Miras","J.Miras","Pass@word01","OU=Managers, OU=SYDNEY, DC=Piedpiper, DC=COM"
"Honorine","Granbois","H.Granbois","Pass@word01","OU=Managers, OU=SYDNEY, DC=Piedpiper, DC=COM"
"Obed","Oatis","O.Oatis","Pass@word01","OU=Managers, OU=SYDNEY, DC=Piedpiper, DC=COM"
"Cutler","Szekula","C.Szekula","Pass@word01","OU=Managers, OU=SYDNEY, DC=Piedpiper, DC=COM"
"Silden","Monzon","S.Monzon","Pass@word01","OU=Managers, OU=SYDNEY, DC=Piedpiper, DC=COM"
"Abana","Ranks","A.Ranks","Pass@word01","OU=Managers, OU=SYDNEY, DC=Piedpiper, DC=COM"
"Barling","Meyerhoffer","B.Meyerhoffer","Pass@word01","OU=Accounting, OU=SYDNEY, DC=Piedpiper, DC=COM"
"Denn","Ebenstein","D.Ebenstein","Pass@word01","OU=Accounting, OU=SYDNEY, DC=Piedpiper, DC=COM"
"Granoff","Coyle","G.Coyle","Pass@word01","OU=Accounting, OU=SYDNEY, DC=Piedpiper, DC=COM"
"Tann","Harlin","T.Harlin","Pass@word01","OU=Accounting, OU=SYDNEY, DC=Piedpiper, DC=COM"
"Kellsie","Nickolls","K.Nickolls","Pass@word01","OU=Accounting, OU=SYDNEY, DC=Piedpiper, DC=COM"
"Fradin","Tremain","F.Tremain","Pass@word01","OU=Accounting, OU=SYDNEY, DC=Piedpiper, DC=COM"
"Mort","Girgenti","M.Girgenti","Pass@word01","OU=Accounting, OU=SYDNEY, DC=Piedpiper, DC=COM"
"Feldstein","Wolsey","F.Wolsey","Pass@word01","OU=Accounting, OU=SYDNEY, DC=Piedpiper, DC=COM"
"Marcelia","Jensvold","M.Jensvold","Pass@word01","OU=Accounting, OU=SYDNEY, DC=Piedpiper, DC=COM"
"Eglantine","Sargetakis","E.Sargetakis","Pass@word01","OU=Accounting, OU=SYDNEY, DC=Piedpiper, DC=COM"
"Erlinna","Olguin","E.Olguin","Pass@word01","OU=Accounting, OU=SYDNEY, DC=Piedpiper, DC=COM"
"Colvin","Jaenke","C.Jaenke","Pass@word01","OU=Accounting, OU=SYDNEY, DC=Piedpiper, DC=COM"
"Saunder","Seu","S.Seu","Pass@word01","OU=Accounting, OU=SYDNEY, DC=Piedpiper, DC=COM"
"Quinlan","Klein","Q.Klein","Pass@word01","OU=Accounting, OU=SYDNEY, DC=Piedpiper, DC=COM"
"Thurstan","Horde","T.Horde","Pass@word01","OU=Accounting, OU=SYDNEY, DC=Piedpiper, DC=COM"
"Rothmuller","Hartless","R.Hartless","Pass@word01","OU=Accounting, OU=SYDNEY, DC=Piedpiper, DC=COM"
"Osber","Manora","O.Manora","Pass@word01","OU=Accounting, OU=SYDNEY, DC=Piedpiper, DC=COM"
"Monti","Pavon","M.Pavon","Pass@word01","OU=Accounting, OU=SYDNEY, DC=Piedpiper, DC=COM"
"Brena","Stillions","B.Stillions","Pass@word01","OU=Accounting, OU=SYDNEY, DC=Piedpiper, DC=COM"
"Teuton","Menhennett","T.Menhennett","Pass@word01","OU=Accounting, OU=SYDNEY, DC=Piedpiper, DC=COM"
"Pauly","Congo","P.Congo","Pass@word01","OU=Accounting, OU=SYDNEY, DC=Piedpiper, DC=COM"
"Casimir","Danker","C.Danker","Pass@word01","OU=Accounting, OU=SYDNEY, DC=Piedpiper, DC=COM"
"Alexandra","Mildon","A.Mildon","Pass@word01","OU=Accounting, OU=SYDNEY, DC=Piedpiper, DC=COM"
"Dionis","Viles","D.Viles","Pass@word01","OU=Accounting, OU=SYDNEY, DC=Piedpiper, DC=COM"
"Brackely","Doyan","B.Doyan","Pass@word01","OU=Accounting, OU=SYDNEY, DC=Piedpiper, DC=COM"
"Hodess","Halderman","H.Halderman","Pass@word01","OU=Accounting, OU=SYDNEY, DC=Piedpiper, DC=COM"
"Charie","Edmons","C.Edmons","Pass@word01","OU=Accounting, OU=SYDNEY, DC=Piedpiper, DC=COM"
"Malva","Gallagos","M.Gallagos","Pass@word01","OU=Accounting, OU=SYDNEY, DC=Piedpiper, DC=COM"
"Bourn","Kunzie","B.Kunzie","Pass@word01","OU=Accounting, OU=SYDNEY, DC=Piedpiper, DC=COM"
"Rise","Colestock","R.Colestock","Pass@word01","OU=Accounting, OU=SYDNEY, DC=Piedpiper, DC=COM"
"Stets","Carloni","S.Carloni","Pass@word01","OU=Accounting, OU=SYDNEY, DC=Piedpiper, DC=COM"
"Manchester","Glover","M.Glover","Pass@word01","OU=Accounting, OU=SYDNEY, DC=Piedpiper, DC=COM"
"Moorefield","Famiano","M.Famiano","Pass@word01","OU=Accounting, OU=SYDNEY, DC=Piedpiper, DC=COM"
"Dry","Guilbeau","D.Guilbeau","Pass@word01","OU=Accounting, OU=SYDNEY, DC=Piedpiper, DC=COM"
"Zoubek","Heintz","Z.Heintz","Pass@word01","OU=Accounting, OU=SYDNEY, DC=Piedpiper, DC=COM"
"Ofilia","Desue","O.Desue","Pass@word01","OU=Accounting, OU=SYDNEY, DC=Piedpiper, DC=COM"
"Katy","Rubash","K.Rubash","Pass@word01","OU=Accounting, OU=SYDNEY, DC=Piedpiper, DC=COM"
"Hannibal","Chadwell","H.Chadwell","Pass@word01","OU=Accounting, OU=SYDNEY, DC=Piedpiper, DC=COM"
"Tipton","Snelson","T.Snelson","Pass@word01","OU=Accounting, OU=SYDNEY, DC=Piedpiper, DC=COM"
"Serles","Bonge","S.Bonge","Pass@word01","OU=Accounting, OU=SYDNEY, DC=Piedpiper, DC=COM"
"Giavani","Capek","G.Capek","Pass@word01","OU=Accounting, OU=SYDNEY, DC=Piedpiper, DC=COM"
"Berkeley","Thurgood","B.Thurgood","Pass@word01","OU=Accounting, OU=SYDNEY, DC=Piedpiper, DC=COM"
"Johnna","Helfrich","J.Helfrich","Pass@word01","OU=Accounting, OU=SYDNEY, DC=Piedpiper, DC=COM"
"Ambros","Binning","A.Binning","Pass@word01","OU=Accounting, OU=SYDNEY, DC=Piedpiper, DC=COM"
"Tonl","Keever","T.Keever","Pass@word01","OU=Accounting, OU=SYDNEY, DC=Piedpiper, DC=COM"
"Woo","Shirley","W.Shirley","Pass@word01","OU=Accounting, OU=SYDNEY, DC=Piedpiper, DC=COM"
"Kast","Coulthard","K.Coulthard","Pass@word01","OU=Accounting, OU=SYDNEY, DC=Piedpiper, DC=COM"
"Ellerd","Gabbay","E.Gabbay","Pass@word01","OU=Accounting, OU=SYDNEY, DC=Piedpiper, DC=COM"
"Lauber","Desilva","L.Desilva","Pass@word01","OU=Accounting, OU=SYDNEY, DC=Piedpiper, DC=COM"
"Tuck","Koenigsfeld","T.Koenigsfeld","Pass@word01","OU=Accounting, OU=SYDNEY, DC=Piedpiper, DC=COM"
"Gizela","Cislo","G.Cislo","Pass@word01","OU=Accounting, OU=SYDNEY, DC=Piedpiper, DC=COM"
"Fabrin","Schwalm","F.Schwalm","Pass@word01","OU=Accounting, OU=SYDNEY, DC=Piedpiper, DC=COM"
"Maxantia","Perchinski","M.Perchinski","Pass@word01","OU=Accounting, OU=SYDNEY, DC=Piedpiper, DC=COM"
"Erastatus","Kartye","E.Kartye","Pass@word01","OU=Accounting, OU=SYDNEY, DC=Piedpiper, DC=COM"
"Charlie","Rhode","C.Rhode","Pass@word01","OU=Accounting, OU=SYDNEY, DC=Piedpiper, DC=COM"
"Vento","Carson","V.Carson","Pass@word01","OU=Accounting, OU=SYDNEY, DC=Piedpiper, DC=COM"
"Katie","Byland","K.Byland","Pass@word01","OU=Accounting, OU=SYDNEY, DC=Piedpiper, DC=COM"
"Jodi","Forch","J.Forch","Pass@word01","OU=Accounting, OU=SYDNEY, DC=Piedpiper, DC=COM"
"Monie","Kozak","M.Kozak","Pass@word01","OU=Accounting, OU=SYDNEY, DC=Piedpiper, DC=COM"
"Hy","Gillam","H.Gillam","Pass@word01","OU=Accounting, OU=SYDNEY, DC=Piedpiper, DC=COM"
"Luben","Sienicki","L.Sienicki","Pass@word01","OU=Accounting, OU=SYDNEY, DC=Piedpiper, DC=COM"
"Dynah","Shawley","D.Shawley","Pass@word01","OU=Accounting, OU=SYDNEY, DC=Piedpiper, DC=COM"
"Hopkins","Pecorelli","H.Pecorelli","Pass@word01","OU=Accounting, OU=SYDNEY, DC=Piedpiper, DC=COM"
"Hugh","Mapstone","H.Mapstone","Pass@word01","OU=Accounting, OU=SYDNEY, DC=Piedpiper, DC=COM"
"Zurheide","Hommel","Z.Hommel","Pass@word01","OU=Accounting, OU=SYDNEY, DC=Piedpiper, DC=COM"
"Enid","Babiracki","E.Babiracki","Pass@word01","OU=Accounting, OU=SYDNEY, DC=Piedpiper, DC=COM"
"Rickart","Bable","R.Bable","Pass@word01","OU=Accounting, OU=SYDNEY, DC=Piedpiper, DC=COM"
"Grail","Yurman","G.Yurman","Pass@word01","OU=Accounting, OU=SYDNEY, DC=Piedpiper, DC=COM"
"Catima","Jesmer","C.Jesmer","Pass@word01","OU=Accounting, OU=SYDNEY, DC=Piedpiper, DC=COM"
"Monty","Rath","M.Rath","Pass@word01","OU=Accounting, OU=SYDNEY, DC=Piedpiper, DC=COM"
"Mohr","Thate","M.Thate","Pass@word01","OU=Accounting, OU=SYDNEY, DC=Piedpiper, DC=COM"
"Arvonio","Drewes","A.Drewes","Pass@word01","OU=Accounting, OU=SYDNEY, DC=Piedpiper, DC=COM"
"Iolanthe","Muddiman","I.Muddiman","Pass@word01","OU=Accounting, OU=SYDNEY, DC=Piedpiper, DC=COM"
"Jolene","Corrente","J.Corrente","Pass@word01","OU=Accounting, OU=SYDNEY, DC=Piedpiper, DC=COM"
"Devona","Plattner","D.Plattner","Pass@word01","OU=Accounting, OU=SYDNEY, DC=Piedpiper, DC=COM"
"Kaitlin","Kalkbrenner","K.Kalkbrenner","Pass@word01","OU=Accounting, OU=SYDNEY, DC=Piedpiper, DC=COM"
"Christopher","Elhadi","C.Elhadi","Pass@word01","OU=Accounting, OU=SYDNEY, DC=Piedpiper, DC=COM"
"Shirl","Rickenbach","S.Rickenbach","Pass@word01","OU=Accounting, OU=SYDNEY, DC=Piedpiper, DC=COM"
"Violeta","Mcthune","V.Mcthune","Pass@word01","OU=Accounting, OU=SYDNEY, DC=Piedpiper, DC=COM"
"Agata","Delekta","A.Delekta","Pass@word01","OU=Accounting, OU=SYDNEY, DC=Piedpiper, DC=COM"
"Lukin","Kiah","L.Kiah","Pass@word01","OU=Accounting, OU=SYDNEY, DC=Piedpiper, DC=COM"
"Vandervelde","Sary","V.Sary","Pass@word01","OU=Accounting, OU=SYDNEY, DC=Piedpiper, DC=COM"
"Cordell","Heimsness","C.Heimsness","Pass@word01","OU=Accounting, OU=SYDNEY, DC=Piedpiper, DC=COM"
"Sibyls","Kott","S.Kott","Pass@word01","OU=Accounting, OU=SYDNEY, DC=Piedpiper, DC=COM"
"Sabella","Sifontes","S.Sifontes","Pass@word01","OU=Accounting, OU=SYDNEY, DC=Piedpiper, DC=COM"
"Lust","Rousch","L.Rousch","Pass@word01","OU=Accounting, OU=SYDNEY, DC=Piedpiper, DC=COM"
"Marja","Henriquez","M.Henriquez","Pass@word01","OU=Accounting, OU=SYDNEY, DC=Piedpiper, DC=COM"
"Billy","Meucci","B.Meucci","Pass@word01","OU=Accounting, OU=SYDNEY, DC=Piedpiper, DC=COM"
"Breech","Blandin","B.Blandin","Pass@word01","OU=Accounting, OU=SYDNEY, DC=Piedpiper, DC=COM"
"Magulac","Yerico","M.Yerico","Pass@word01","OU=Accounting, OU=SYDNEY, DC=Piedpiper, DC=COM"
"McMullan","Umphress","M.Umphress","Pass@word01","OU=Accounting, OU=SYDNEY, DC=Piedpiper, DC=COM"
"Berti","Vanhaitsma","B.Vanhaitsma","Pass@word01","OU=Accounting, OU=SYDNEY, DC=Piedpiper, DC=COM"
"Adelice","Wiedman","A.Wiedman","Pass@word01","OU=Accounting, OU=SYDNEY, DC=Piedpiper, DC=COM"
"Maidie","Lozaya","M.Lozaya","Pass@word01","OU=Accounting, OU=SYDNEY, DC=Piedpiper, DC=COM"
"Sellma","Srinvasan","S.Srinvasan","Pass@word01","OU=Accounting, OU=SYDNEY, DC=Piedpiper, DC=COM"
"Eugenle","Buffone","E.Buffone","Pass@word01","OU=Accounting, OU=SYDNEY, DC=Piedpiper, DC=COM"
"Hobey","Polee","H.Polee","Pass@word01","OU=Accounting, OU=SYDNEY, DC=Piedpiper, DC=COM"
"Lemmy","Favilla","L.Favilla","Pass@word01","OU=Accounting, OU=SYDNEY, DC=Piedpiper, DC=COM"
"Teodora","Diehm","T.Diehm","Pass@word01","OU=Accounting, OU=SYDNEY, DC=Piedpiper, DC=COM"
"Utham","Vallely","U.Vallely","Pass@word01","OU=Accounting, OU=SYDNEY, DC=Piedpiper, DC=COM"
"Quiteris","Rowan","Q.Rowan","Pass@word01","OU=Design, OU=SYDNEY, DC=Piedpiper, DC=COM"
"Ocker","Schaber","O.Schaber","Pass@word01","OU=Design, OU=SYDNEY, DC=Piedpiper, DC=COM"
"Giuseppe","Brookfield","G.Brookfield","Pass@word01","OU=Design, OU=SYDNEY, DC=Piedpiper, DC=COM"
"Honebein","Pean","H.Pean","Pass@word01","OU=Design, OU=SYDNEY, DC=Piedpiper, DC=COM"
"Stanwood","Gauani","S.Gauani","Pass@word01","OU=Design, OU=SYDNEY, DC=Piedpiper, DC=COM"
"Pegg","Hirao","P.Hirao","Pass@word01","OU=Design, OU=SYDNEY, DC=Piedpiper, DC=COM"
"Aubreir","Mcmorries","A.Mcmorries","Pass@word01","OU=Design, OU=SYDNEY, DC=Piedpiper, DC=COM"
"Hennessy","Schrag","H.Schrag","Pass@word01","OU=Design, OU=SYDNEY, DC=Piedpiper, DC=COM"
"Lindley","Gowda","L.Gowda","Pass@word01","OU=Design, OU=SYDNEY, DC=Piedpiper, DC=COM"
"Jemima","Hoopes","J.Hoopes","Pass@word01","OU=Design, OU=SYDNEY, DC=Piedpiper, DC=COM"
"Etienne","Coate","E.Coate","Pass@word01","OU=Design, OU=SYDNEY, DC=Piedpiper, DC=COM"
"Nakasuji","Vanderhorst","N.Vanderhorst","Pass@word01","OU=Design, OU=SYDNEY, DC=Piedpiper, DC=COM"
"Anse","Darland","A.Darland","Pass@word01","OU=Design, OU=SYDNEY, DC=Piedpiper, DC=COM"
"Rafa","Loots","R.Loots","Pass@word01","OU=Design, OU=SYDNEY, DC=Piedpiper, DC=COM"
"Hyams","Warnke","H.Warnke","Pass@word01","OU=Design, OU=SYDNEY, DC=Piedpiper, DC=COM"
"Fawcett","Nquyen","F.Nquyen","Pass@word01","OU=Design, OU=SYDNEY, DC=Piedpiper, DC=COM"
"Tacita","Bracero","T.Bracero","Pass@word01","OU=Design, OU=SYDNEY, DC=Piedpiper, DC=COM"
"Murry","Purnell","M.Purnell","Pass@word01","OU=Design, OU=SYDNEY, DC=Piedpiper, DC=COM"
"Kauffman","Kobialka","K.Kobialka","Pass@word01","OU=Design, OU=SYDNEY, DC=Piedpiper, DC=COM"
"Athal","Hadiaris","A.Hadiaris","Pass@word01","OU=Design, OU=SYDNEY, DC=Piedpiper, DC=COM"
"Falconer","Yonkers","F.Yonkers","Pass@word01","OU=Design, OU=SYDNEY, DC=Piedpiper, DC=COM"
"Madelaine","Raddatz","M.Raddatz","Pass@word01","OU=Design, OU=SYDNEY, DC=Piedpiper, DC=COM"
"Grannie","Fischer","G.Fischer","Pass@word01","OU=Design, OU=SYDNEY, DC=Piedpiper, DC=COM"
"Mellisa","Scarrow","M.Scarrow","Pass@word01","OU=Design, OU=SYDNEY, DC=Piedpiper, DC=COM"
"Juliane","Qadeer","J.Qadeer","Pass@word01","OU=Design, OU=SYDNEY, DC=Piedpiper, DC=COM"
"Chuu","Prach","C.Prach","Pass@word01","OU=Design, OU=SYDNEY, DC=Piedpiper, DC=COM"
"Merlina","Belinski","M.Belinski","Pass@word01","OU=Design, OU=SYDNEY, DC=Piedpiper, DC=COM"
"Cathyleen","Manzanero","C.Manzanero","Pass@word01","OU=Design, OU=SYDNEY, DC=Piedpiper, DC=COM"
"Duleba","Etcitty","D.Etcitty","Pass@word01","OU=Design, OU=SYDNEY, DC=Piedpiper, DC=COM"
"Nolan","Roselius","N.Roselius","Pass@word01","OU=Design, OU=SYDNEY, DC=Piedpiper, DC=COM"
"Belshin","Bora","B.Bora","Pass@word01","OU=Design, OU=SYDNEY, DC=Piedpiper, DC=COM"
"Yuk","Angeline","Y.Angeline","Pass@word01","OU=Design, OU=SYDNEY, DC=Piedpiper, DC=COM"
"Maccarone","Parsygnat","M.Parsygnat","Pass@word01","OU=Design, OU=SYDNEY, DC=Piedpiper, DC=COM"
"Nana","Conzalez","N.Conzalez","Pass@word01","OU=Design, OU=SYDNEY, DC=Piedpiper, DC=COM"
"Courtnay","Morlock","C.Morlock","Pass@word01","OU=Design, OU=SYDNEY, DC=Piedpiper, DC=COM"
"Pacian","Mehserle","P.Mehserle","Pass@word01","OU=Design, OU=SYDNEY, DC=Piedpiper, DC=COM"
"Rozina","Mellett","R.Mellett","Pass@word01","OU=Design, OU=SYDNEY, DC=Piedpiper, DC=COM"
"Hedwig","Aversano","H.Aversano","Pass@word01","OU=Design, OU=SYDNEY, DC=Piedpiper, DC=COM"
"Wenn","Reiher","W.Reiher","Pass@word01","OU=Design, OU=SYDNEY, DC=Piedpiper, DC=COM"
"Rabjohn","Rajk","R.Rajk","Pass@word01","OU=Design, OU=SYDNEY, DC=Piedpiper, DC=COM"
"Tracey","Deanhardt","T.Deanhardt","Pass@word01","OU=Design, OU=SYDNEY, DC=Piedpiper, DC=COM"
"Freud","Vanvleck","F.Vanvleck","Pass@word01","OU=Design, OU=SYDNEY, DC=Piedpiper, DC=COM"
"Tuddor","Wrape","T.Wrape","Pass@word01","OU=Design, OU=SYDNEY, DC=Piedpiper, DC=COM"
"Antonin","Catherson","A.Catherson","Pass@word01","OU=Design, OU=SYDNEY, DC=Piedpiper, DC=COM"
"Engedus","Poeppelman","E.Poeppelman","Pass@word01","OU=Design, OU=SYDNEY, DC=Piedpiper, DC=COM"
"Dolloff","Rothrock","D.Rothrock","Pass@word01","OU=Design, OU=SYDNEY, DC=Piedpiper, DC=COM"
"Hashimoto","Pyles","H.Pyles","Pass@word01","OU=Design, OU=SYDNEY, DC=Piedpiper, DC=COM"
"Myers","Schapp","M.Schapp","Pass@word01","OU=Design, OU=SYDNEY, DC=Piedpiper, DC=COM"
"Otto","Corpus","O.Corpus","Pass@word01","OU=Design, OU=SYDNEY, DC=Piedpiper, DC=COM"
"Wunder","Paskow","W.Paskow","Pass@word01","OU=Design, OU=SYDNEY, DC=Piedpiper, DC=COM"
"Hardi","Belay","H.Belay","Pass@word01","OU=Design, OU=SYDNEY, DC=Piedpiper, DC=COM"
"Fry","Sayegh","F.Sayegh","Pass@word01","OU=Design, OU=SYDNEY, DC=Piedpiper, DC=COM"
"Ezequiel","Lerow","E.Lerow","Pass@word01","OU=Design, OU=SYDNEY, DC=Piedpiper, DC=COM"
"Preston","Karcz","P.Karcz","Pass@word01","OU=Design, OU=SYDNEY, DC=Piedpiper, DC=COM"
"Thanos","Kachelmeyer","T.Kachelmeyer","Pass@word01","OU=Design, OU=SYDNEY, DC=Piedpiper, DC=COM"
"Meletius","Genera","M.Genera","Pass@word01","OU=Design, OU=SYDNEY, DC=Piedpiper, DC=COM"
"Rockey","Brockett","R.Brockett","Pass@word01","OU=Design, OU=SYDNEY, DC=Piedpiper, DC=COM"
"Proctor","Nicolo","P.Nicolo","Pass@word01","OU=Design, OU=SYDNEY, DC=Piedpiper, DC=COM"
"Mylander","Dimery","M.Dimery","Pass@word01","OU=Design, OU=SYDNEY, DC=Piedpiper, DC=COM"
"Ragnar","Arnett","R.Arnett","Pass@word01","OU=Design, OU=SYDNEY, DC=Piedpiper, DC=COM"
"Trevar","Owings","T.Owings","Pass@word01","OU=Design, OU=SYDNEY, DC=Piedpiper, DC=COM"
"Knutson","Brislin","K.Brislin","Pass@word01","OU=Design, OU=SYDNEY, DC=Piedpiper, DC=COM"
"Avie","Edeker","A.Edeker","Pass@word01","OU=Design, OU=SYDNEY, DC=Piedpiper, DC=COM"
"Sapienza","Gerz","S.Gerz","Pass@word01","OU=Design, OU=SYDNEY, DC=Piedpiper, DC=COM"
"Barimah","Argabright","B.Argabright","Pass@word01","OU=Design, OU=SYDNEY, DC=Piedpiper, DC=COM"
"Lorenza","Komosinski","L.Komosinski","Pass@word01","OU=Design, OU=SYDNEY, DC=Piedpiper, DC=COM"
"Jacie","Deviney","J.Deviney","Pass@word01","OU=Design, OU=SYDNEY, DC=Piedpiper, DC=COM"
"Vladamar","Bains","V.Bains","Pass@word01","OU=Design, OU=SYDNEY, DC=Piedpiper, DC=COM"
"Nork","Kulick","N.Kulick","Pass@word01","OU=Design, OU=SYDNEY, DC=Piedpiper, DC=COM"
"Sybila","Debruhl","S.Debruhl","Pass@word01","OU=Design, OU=SYDNEY, DC=Piedpiper, DC=COM"
"Eliott","Teston","E.Teston","Pass@word01","OU=Design, OU=SYDNEY, DC=Piedpiper, DC=COM"
"Fulton","Garey","F.Garey","Pass@word01","OU=Design, OU=SYDNEY, DC=Piedpiper, DC=COM"
"Todhunter","Kruizenga","T.Kruizenga","Pass@word01","OU=Design, OU=SYDNEY, DC=Piedpiper, DC=COM"
"Ehling","Camp","E.Camp","Pass@word01","OU=Design, OU=SYDNEY, DC=Piedpiper, DC=COM"
"Jochbed","Gowing","J.Gowing","Pass@word01","OU=Design, OU=SYDNEY, DC=Piedpiper, DC=COM"
"Jacinto","Frietsch","J.Frietsch","Pass@word01","OU=Design, OU=SYDNEY, DC=Piedpiper, DC=COM"
"Wildon","Esquivez","W.Esquivez","Pass@word01","OU=Design, OU=SYDNEY, DC=Piedpiper, DC=COM"
"Chaddy","Chriswell","C.Chriswell","Pass@word01","OU=Design, OU=SYDNEY, DC=Piedpiper, DC=COM"
"Feledy","Rasbery","F.Rasbery","Pass@word01","OU=Design, OU=SYDNEY, DC=Piedpiper, DC=COM"
"Jangro","Villiard","J.Villiard","Pass@word01","OU=Design, OU=SYDNEY, DC=Piedpiper, DC=COM"
"Traweek","Morda","T.Morda","Pass@word01","OU=Design, OU=SYDNEY, DC=Piedpiper, DC=COM"
"Tuchman","Senneker","T.Senneker","Pass@word01","OU=Design, OU=SYDNEY, DC=Piedpiper, DC=COM"
"Bullough","Kolat","B.Kolat","Pass@word01","OU=Design, OU=SYDNEY, DC=Piedpiper, DC=COM"
"LeDoux","Maurizio","L.Maurizio","Pass@word01","OU=Design, OU=SYDNEY, DC=Piedpiper, DC=COM"
"Jabin","Mcgafferty","J.Mcgafferty","Pass@word01","OU=Design, OU=SYDNEY, DC=Piedpiper, DC=COM"
"Charters","Lana","C.Lana","Pass@word01","OU=Design, OU=SYDNEY, DC=Piedpiper, DC=COM"
"Oberg","Openshaw","O.Openshaw","Pass@word01","OU=Design, OU=SYDNEY, DC=Piedpiper, DC=COM"
"Joana","Rinke","J.Rinke","Pass@word01","OU=Design, OU=SYDNEY, DC=Piedpiper, DC=COM"
"Laflam","Jarman","L.Jarman","Pass@word01","OU=Design, OU=SYDNEY, DC=Piedpiper, DC=COM"
"Aguayo","Kleese","A.Kleese","Pass@word01","OU=Design, OU=SYDNEY, DC=Piedpiper, DC=COM"
"Zeiler","Bering","Z.Bering","Pass@word01","OU=Design, OU=SYDNEY, DC=Piedpiper, DC=COM"
"Tulley","Alegria","T.Alegria","Pass@word01","OU=Design, OU=SYDNEY, DC=Piedpiper, DC=COM"
"Gilletta","Macdougal","G.Macdougal","Pass@word01","OU=Design, OU=SYDNEY, DC=Piedpiper, DC=COM"
"Gardol","Mahlke","G.Mahlke","Pass@word01","OU=Design, OU=SYDNEY, DC=Piedpiper, DC=COM"
"Garibald","Titterington","G.Titterington","Pass@word01","OU=Design, OU=SYDNEY, DC=Piedpiper, DC=COM"
"Ayn","Shaklee","A.Shaklee","Pass@word01","OU=Design, OU=SYDNEY, DC=Piedpiper, DC=COM"
"Katusha","Matero","K.Matero","Pass@word01","OU=Design, OU=SYDNEY, DC=Piedpiper, DC=COM"
"Joycelin","Baiza","J.Baiza","Pass@word01","OU=Design, OU=SYDNEY, DC=Piedpiper, DC=COM"
"Beasley","Farlin","B.Farlin","Pass@word01","OU=Design, OU=SYDNEY, DC=Piedpiper, DC=COM"
"Belamy","Canders","B.Canders","Pass@word01","OU=Design, OU=SYDNEY, DC=Piedpiper, DC=COM"
"Huan","Farabaugh","H.Farabaugh","Pass@word01","OU=HR, OU=SYDNEY, DC=Piedpiper, DC=COM"
"Lindsy","Gittler","L.Gittler","Pass@word01","OU=HR, OU=SYDNEY, DC=Piedpiper, DC=COM"
"Sauer","Schindler","S.Schindler","Pass@word01","OU=HR, OU=SYDNEY, DC=Piedpiper, DC=COM"
"Rossuck","Larsson","R.Larsson","Pass@word01","OU=HR, OU=SYDNEY, DC=Piedpiper, DC=COM"
"Zandt","Malmgren","Z.Malmgren","Pass@word01","OU=HR, OU=SYDNEY, DC=Piedpiper, DC=COM"
"Abbye","Wallo","A.Wallo","Pass@word01","OU=HR, OU=SYDNEY, DC=Piedpiper, DC=COM"
"Tybalt","Campos","T.Campos","Pass@word01","OU=HR, OU=SYDNEY, DC=Piedpiper, DC=COM"
"Buhler","Sechrist","B.Sechrist","Pass@word01","OU=HR, OU=SYDNEY, DC=Piedpiper, DC=COM"
"Rachelle","Saltarelli","R.Saltarelli","Pass@word01","OU=HR, OU=SYDNEY, DC=Piedpiper, DC=COM"
"Ninon","Balogun","N.Balogun","Pass@word01","OU=HR, OU=SYDNEY, DC=Piedpiper, DC=COM"
"Knight","Dolney","K.Dolney","Pass@word01","OU=HR, OU=SYDNEY, DC=Piedpiper, DC=COM"
"Leaper","Arzo","L.Arzo","Pass@word01","OU=HR, OU=SYDNEY, DC=Piedpiper, DC=COM"
"Trudey","Bachmeyer","T.Bachmeyer","Pass@word01","OU=HR, OU=SYDNEY, DC=Piedpiper, DC=COM"
"Valina","Debiew","V.Debiew","Pass@word01","OU=HR, OU=SYDNEY, DC=Piedpiper, DC=COM"
"Fredrika","Hamacher","F.Hamacher","Pass@word01","OU=HR, OU=SYDNEY, DC=Piedpiper, DC=COM"
"Dysart","Shockency","D.Shockency","Pass@word01","OU=HR, OU=SYDNEY, DC=Piedpiper, DC=COM"
"Jamnis","Tawney","J.Tawney","Pass@word01","OU=HR, OU=SYDNEY, DC=Piedpiper, DC=COM"
"Victorine","Barillari","V.Barillari","Pass@word01","OU=HR, OU=SYDNEY, DC=Piedpiper, DC=COM"
"Deva","Rabena","D.Rabena","Pass@word01","OU=HR, OU=SYDNEY, DC=Piedpiper, DC=COM"
"Jenei","Toussant","J.Toussant","Pass@word01","OU=HR, OU=SYDNEY, DC=Piedpiper, DC=COM"
"Friday","Mair","F.Mair","Pass@word01","OU=HR, OU=SYDNEY, DC=Piedpiper, DC=COM"
"Pruter","Mallegni","P.Mallegni","Pass@word01","OU=HR, OU=SYDNEY, DC=Piedpiper, DC=COM"
"Plate","Newmark","P.Newmark","Pass@word01","OU=HR, OU=SYDNEY, DC=Piedpiper, DC=COM"
"Landers","Gilcoine","L.Gilcoine","Pass@word01","OU=HR, OU=SYDNEY, DC=Piedpiper, DC=COM"
"Seidel","Helweg","S.Helweg","Pass@word01","OU=HR, OU=SYDNEY, DC=Piedpiper, DC=COM"
"Georgetta","Maughan","G.Maughan","Pass@word01","OU=HR, OU=SYDNEY, DC=Piedpiper, DC=COM"
"Galatea","Yankee","G.Yankee","Pass@word01","OU=HR, OU=SYDNEY, DC=Piedpiper, DC=COM"
"Prissie","Patchell","P.Patchell","Pass@word01","OU=HR, OU=SYDNEY, DC=Piedpiper, DC=COM"
"Nord","Tichi","N.Tichi","Pass@word01","OU=HR, OU=SYDNEY, DC=Piedpiper, DC=COM"
"Krueger","Roddam","K.Roddam","Pass@word01","OU=HR, OU=SYDNEY, DC=Piedpiper, DC=COM"
"Biddick","Guffanti","B.Guffanti","Pass@word01","OU=HR, OU=SYDNEY, DC=Piedpiper, DC=COM"
"Rodriguez","Goedecke","R.Goedecke","Pass@word01","OU=HR, OU=SYDNEY, DC=Piedpiper, DC=COM"
"Pressey","Kilogan","P.Kilogan","Pass@word01","OU=HR, OU=SYDNEY, DC=Piedpiper, DC=COM"
"Harlene","Wyland","H.Wyland","Pass@word01","OU=HR, OU=SYDNEY, DC=Piedpiper, DC=COM"
"Kacey","Rocasah","K.Rocasah","Pass@word01","OU=HR, OU=SYDNEY, DC=Piedpiper, DC=COM"
"Marino","Chenaille","M.Chenaille","Pass@word01","OU=HR, OU=SYDNEY, DC=Piedpiper, DC=COM"
"Obeng","Rodriguel","O.Rodriguel","Pass@word01","OU=HR, OU=SYDNEY, DC=Piedpiper, DC=COM"
"Sibell","Riegler","S.Riegler","Pass@word01","OU=HR, OU=SYDNEY, DC=Piedpiper, DC=COM"
"Ronel","Shummon","R.Shummon","Pass@word01","OU=HR, OU=SYDNEY, DC=Piedpiper, DC=COM"
"Choong","Breitling","C.Breitling","Pass@word01","OU=HR, OU=SYDNEY, DC=Piedpiper, DC=COM"
"Vudimir","Brigmond","V.Brigmond","Pass@word01","OU=HR, OU=SYDNEY, DC=Piedpiper, DC=COM"
"Jeremy","Sneary","J.Sneary","Pass@word01","OU=HR, OU=SYDNEY, DC=Piedpiper, DC=COM"
"Gordie","Balcerzak","G.Balcerzak","Pass@word01","OU=HR, OU=SYDNEY, DC=Piedpiper, DC=COM"
"Bunni","Hierro","B.Hierro","Pass@word01","OU=HR, OU=SYDNEY, DC=Piedpiper, DC=COM"
"Primo","Heroman","P.Heroman","Pass@word01","OU=HR, OU=SYDNEY, DC=Piedpiper, DC=COM"
"Brandi","Bixby","B.Bixby","Pass@word01","OU=HR, OU=SYDNEY, DC=Piedpiper, DC=COM"
"Sidwel","Mccaffery","S.Mccaffery","Pass@word01","OU=HR, OU=SYDNEY, DC=Piedpiper, DC=COM"
"Lewak","Pasho","L.Pasho","Pass@word01","OU=HR, OU=SYDNEY, DC=Piedpiper, DC=COM"
"Koh","Wolle","K.Wolle","Pass@word01","OU=HR, OU=SYDNEY, DC=Piedpiper, DC=COM"
"Camila","Shely","C.Shely","Pass@word01","OU=HR, OU=SYDNEY, DC=Piedpiper, DC=COM"
"Eusebio","Zillmer","E.Zillmer","Pass@word01","OU=HR, OU=SYDNEY, DC=Piedpiper, DC=COM"
"Decamp","Frix","D.Frix","Pass@word01","OU=HR, OU=SYDNEY, DC=Piedpiper, DC=COM"
"Orelle","Carnahan","O.Carnahan","Pass@word01","OU=HR, OU=SYDNEY, DC=Piedpiper, DC=COM"
"Shelli","Pridgett","S.Pridgett","Pass@word01","OU=HR, OU=SYDNEY, DC=Piedpiper, DC=COM"
"Linoel","Kraus","L.Kraus","Pass@word01","OU=HR, OU=SYDNEY, DC=Piedpiper, DC=COM"
"Karney","Bedner","K.Bedner","Pass@word01","OU=HR, OU=SYDNEY, DC=Piedpiper, DC=COM"
"Haslam","Blow","H.Blow","Pass@word01","OU=HR, OU=SYDNEY, DC=Piedpiper, DC=COM"
"Teufert","Mador","T.Mador","Pass@word01","OU=HR, OU=SYDNEY, DC=Piedpiper, DC=COM"
"Humbert","Koelbel","H.Koelbel","Pass@word01","OU=HR, OU=SYDNEY, DC=Piedpiper, DC=COM"
"Disharoon","Moneypenny","D.Moneypenny","Pass@word01","OU=HR, OU=SYDNEY, DC=Piedpiper, DC=COM"
"Limbert","Germy","L.Germy","Pass@word01","OU=HR, OU=SYDNEY, DC=Piedpiper, DC=COM"
"Storm","Crumwell","S.Crumwell","Pass@word01","OU=HR, OU=SYDNEY, DC=Piedpiper, DC=COM"
"Ramses","Mcdorman","R.Mcdorman","Pass@word01","OU=HR, OU=SYDNEY, DC=Piedpiper, DC=COM"
"Sarina","Uxa","S.Uxa","Pass@word01","OU=HR, OU=SYDNEY, DC=Piedpiper, DC=COM"
"Gelasias","Jirsa","G.Jirsa","Pass@word01","OU=HR, OU=SYDNEY, DC=Piedpiper, DC=COM"
"Cresida","Vanhauen","C.Vanhauen","Pass@word01","OU=HR, OU=SYDNEY, DC=Piedpiper, DC=COM"
"Isbella","Mathson","I.Mathson","Pass@word01","OU=HR, OU=SYDNEY, DC=Piedpiper, DC=COM"
"Barcellona","Popadiuk","B.Popadiuk","Pass@word01","OU=HR, OU=SYDNEY, DC=Piedpiper, DC=COM"
"Sofie","Mclauglin","S.Mclauglin","Pass@word01","OU=HR, OU=SYDNEY, DC=Piedpiper, DC=COM"
"Robert","Dulle","R.Dulle","Pass@word01","OU=HR, OU=SYDNEY, DC=Piedpiper, DC=COM"
"Rivkah","Marez","R.Marez","Pass@word01","OU=HR, OU=SYDNEY, DC=Piedpiper, DC=COM"
"Carilla","Ramiriz","C.Ramiriz","Pass@word01","OU=HR, OU=SYDNEY, DC=Piedpiper, DC=COM"
"Winer","Tynon","W.Tynon","Pass@word01","OU=HR, OU=SYDNEY, DC=Piedpiper, DC=COM"
"Aveline","Garvie","A.Garvie","Pass@word01","OU=HR, OU=SYDNEY, DC=Piedpiper, DC=COM"
"Yetta","Peppel","Y.Peppel","Pass@word01","OU=HR, OU=SYDNEY, DC=Piedpiper, DC=COM"
"Thursby","Prechtel","T.Prechtel","Pass@word01","OU=HR, OU=SYDNEY, DC=Piedpiper, DC=COM"
"Cherilyn","Casado","C.Casado","Pass@word01","OU=HR, OU=SYDNEY, DC=Piedpiper, DC=COM"
"Voltmer","Polynice","V.Polynice","Pass@word01","OU=HR, OU=SYDNEY, DC=Piedpiper, DC=COM"
"Giaimo","Holdiness","G.Holdiness","Pass@word01","OU=HR, OU=SYDNEY, DC=Piedpiper, DC=COM"
"Markos","Hatteyer","M.Hatteyer","Pass@word01","OU=HR, OU=SYDNEY, DC=Piedpiper, DC=COM"
"Mila","Velasques","M.Velasques","Pass@word01","OU=HR, OU=SYDNEY, DC=Piedpiper, DC=COM"
"Kidd","Livoti","K.Livoti","Pass@word01","OU=HR, OU=SYDNEY, DC=Piedpiper, DC=COM"
"Reginauld","Stratz","R.Stratz","Pass@word01","OU=HR, OU=SYDNEY, DC=Piedpiper, DC=COM"
"Felicio","Sweatfield","F.Sweatfield","Pass@word01","OU=HR, OU=SYDNEY, DC=Piedpiper, DC=COM"
"Waylan","Feldmeier","W.Feldmeier","Pass@word01","OU=HR, OU=SYDNEY, DC=Piedpiper, DC=COM"
"Hilliary","Saldi","H.Saldi","Pass@word01","OU=HR, OU=SYDNEY, DC=Piedpiper, DC=COM"
"Britta","Sladek","B.Sladek","Pass@word01","OU=HR, OU=SYDNEY, DC=Piedpiper, DC=COM"
"Nunnery","Hendershot","N.Hendershot","Pass@word01","OU=HR, OU=SYDNEY, DC=Piedpiper, DC=COM"
"LeCroy","Gogerty","L.Gogerty","Pass@word01","OU=HR, OU=SYDNEY, DC=Piedpiper, DC=COM"
"Matthias","Petosa","M.Petosa","Pass@word01","OU=HR, OU=SYDNEY, DC=Piedpiper, DC=COM"
"Perreault","Simmonds","P.Simmonds","Pass@word01","OU=HR, OU=SYDNEY, DC=Piedpiper, DC=COM"
"Ula","Andert","U.Andert","Pass@word01","OU=HR, OU=SYDNEY, DC=Piedpiper, DC=COM"
"Amaras","Bautista","A.Bautista","Pass@word01","OU=HR, OU=SYDNEY, DC=Piedpiper, DC=COM"
"Hoy","Kinsman","H.Kinsman","Pass@word01","OU=HR, OU=SYDNEY, DC=Piedpiper, DC=COM"
"Joann","Lowing","J.Lowing","Pass@word01","OU=HR, OU=SYDNEY, DC=Piedpiper, DC=COM"
"Isak","Schecter","I.Schecter","Pass@word01","OU=HR, OU=SYDNEY, DC=Piedpiper, DC=COM"
"Cornall","Say","C.Say","Pass@word01","OU=HR, OU=SYDNEY, DC=Piedpiper, DC=COM"
"Radburn","Bogel","R.Bogel","Pass@word01","OU=HR, OU=SYDNEY, DC=Piedpiper, DC=COM"
"Hartwell","Bendzans","H.Bendzans","Pass@word01","OU=HR, OU=SYDNEY, DC=Piedpiper, DC=COM"
"Lopez","Pexton","L.Pexton","Pass@word01","OU=HR, OU=SYDNEY, DC=Piedpiper, DC=COM"
"Bissell","Genther","B.Genther","Pass@word01","OU=Admin, OU=SYDNEY, DC=Piedpiper, DC=COM"
"Trinidad","Folsom","T.Folsom","Pass@word01","OU=Admin, OU=SYDNEY, DC=Piedpiper, DC=COM"
"Jo","Rawls","J.Rawls","Pass@word01","OU=Admin, OU=SYDNEY, DC=Piedpiper, DC=COM"
"Lust","Nickolich","L.Nickolich","Pass@word01","OU=Admin, OU=SYDNEY, DC=Piedpiper, DC=COM"
"Hyde","Golde","H.Golde","Pass@word01","OU=Admin, OU=SYDNEY, DC=Piedpiper, DC=COM"
"Paton","Sovern","P.Sovern","Pass@word01","OU=Admin, OU=SYDNEY, DC=Piedpiper, DC=COM"
"Kushner","Stohler","K.Stohler","Pass@word01","OU=Admin, OU=SYDNEY, DC=Piedpiper, DC=COM"
"Rupert","Qualia","R.Qualia","Pass@word01","OU=Admin, OU=SYDNEY, DC=Piedpiper, DC=COM"
"Finny","Minderman","F.Minderman","Pass@word01","OU=Admin, OU=SYDNEY, DC=Piedpiper, DC=COM"
"Lenni","Keneally","L.Keneally","Pass@word01","OU=Admin, OU=SYDNEY, DC=Piedpiper, DC=COM"
"Heim","Roton","H.Roton","Pass@word01","OU=Admin, OU=SYDNEY, DC=Piedpiper, DC=COM"
"Iva","Olewine","I.Olewine","Pass@word01","OU=Admin, OU=SYDNEY, DC=Piedpiper, DC=COM"
"Quill","Hallam","Q.Hallam","Pass@word01","OU=Admin, OU=SYDNEY, DC=Piedpiper, DC=COM"
"Christabella","Saadat","C.Saadat","Pass@word01","OU=Admin, OU=SYDNEY, DC=Piedpiper, DC=COM"
"Manuela","Gerstenkorn","M.Gerstenkorn","Pass@word01","OU=Admin, OU=SYDNEY, DC=Piedpiper, DC=COM"
"Trevah","Faria","T.Faria","Pass@word01","OU=Admin, OU=SYDNEY, DC=Piedpiper, DC=COM"
"Allissa","Sharp","A.Sharp","Pass@word01","OU=Admin, OU=SYDNEY, DC=Piedpiper, DC=COM"
"Azal","Vagt","A.Vagt","Pass@word01","OU=Admin, OU=SYDNEY, DC=Piedpiper, DC=COM"
"Joost","Arenburg","J.Arenburg","Pass@word01","OU=Admin, OU=SYDNEY, DC=Piedpiper, DC=COM"
"Savick","Donivan","S.Donivan","Pass@word01","OU=Admin, OU=SYDNEY, DC=Piedpiper, DC=COM"
"Vanthe","Ahlf","V.Ahlf","Pass@word01","OU=Admin, OU=SYDNEY, DC=Piedpiper, DC=COM"
"Turoff","Routt","T.Routt","Pass@word01","OU=Admin, OU=SYDNEY, DC=Piedpiper, DC=COM"
"Soni","Foules","S.Foules","Pass@word01","OU=Admin, OU=SYDNEY, DC=Piedpiper, DC=COM"
"Rawdon","Laramore","R.Laramore","Pass@word01","OU=Admin, OU=SYDNEY, DC=Piedpiper, DC=COM"
"Desta","Ostolaza","D.Ostolaza","Pass@word01","OU=Admin, OU=SYDNEY, DC=Piedpiper, DC=COM"
"Munshi","Copas","M.Copas","Pass@word01","OU=Admin, OU=SYDNEY, DC=Piedpiper, DC=COM"
"Steele","Boltz","S.Boltz","Pass@word01","OU=Admin, OU=SYDNEY, DC=Piedpiper, DC=COM"
"Giovanna","Ryll","G.Ryll","Pass@word01","OU=Admin, OU=SYDNEY, DC=Piedpiper, DC=COM"
"Stempson","Eschenbacher","S.Eschenbacher","Pass@word01","OU=Admin, OU=SYDNEY, DC=Piedpiper, DC=COM"
"Crissie","Cass","C.Cass","Pass@word01","OU=Admin, OU=SYDNEY, DC=Piedpiper, DC=COM"
"Sherris","Scovel","S.Scovel","Pass@word01","OU=Admin, OU=SYDNEY, DC=Piedpiper, DC=COM"
"McHail","Vining","M.Vining","Pass@word01","OU=Admin, OU=SYDNEY, DC=Piedpiper, DC=COM"
"Anselmi","Buch","A.Buch","Pass@word01","OU=Admin, OU=SYDNEY, DC=Piedpiper, DC=COM"
"Banerjee","Geckles","B.Geckles","Pass@word01","OU=Admin, OU=SYDNEY, DC=Piedpiper, DC=COM"
"Mazurek","Pechal","M.Pechal","Pass@word01","OU=Admin, OU=SYDNEY, DC=Piedpiper, DC=COM"
"Maxia","Thomspon","M.Thomspon","Pass@word01","OU=Admin, OU=SYDNEY, DC=Piedpiper, DC=COM"
"McLaughlin","Beenel","M.Beenel","Pass@word01","OU=Admin, OU=SYDNEY, DC=Piedpiper, DC=COM"
"Stouffer","Bentsen","S.Bentsen","Pass@word01","OU=Admin, OU=SYDNEY, DC=Piedpiper, DC=COM"
"Kalin","Wallett","K.Wallett","Pass@word01","OU=Admin, OU=SYDNEY, DC=Piedpiper, DC=COM"
"Platon","Lucier","P.Lucier","Pass@word01","OU=Admin, OU=SYDNEY, DC=Piedpiper, DC=COM"
"Waiter","Palla","W.Palla","Pass@word01","OU=Admin, OU=SYDNEY, DC=Piedpiper, DC=COM"
"Kenzie","Golias","K.Golias","Pass@word01","OU=Admin, OU=SYDNEY, DC=Piedpiper, DC=COM"
"Evoy","Brickey","E.Brickey","Pass@word01","OU=Admin, OU=SYDNEY, DC=Piedpiper, DC=COM"
"Tierney","Duffett","T.Duffett","Pass@word01","OU=Admin, OU=SYDNEY, DC=Piedpiper, DC=COM"
"Andy","Temples","A.Temples","Pass@word01","OU=Admin, OU=SYDNEY, DC=Piedpiper, DC=COM"
"Sergias","Stutler","S.Stutler","Pass@word01","OU=Admin, OU=SYDNEY, DC=Piedpiper, DC=COM"
"Beitch","Jucean","B.Jucean","Pass@word01","OU=Admin, OU=SYDNEY, DC=Piedpiper, DC=COM"
"Maddeu","Tyrance","M.Tyrance","Pass@word01","OU=Admin, OU=SYDNEY, DC=Piedpiper, DC=COM"
"Fan","Brasseaux","F.Brasseaux","Pass@word01","OU=Admin, OU=SYDNEY, DC=Piedpiper, DC=COM"
"Jempty","Maglioli","J.Maglioli","Pass@word01","OU=Admin, OU=SYDNEY, DC=Piedpiper, DC=COM"
"Riffle","Masenten","R.Masenten","Pass@word01","OU=Admin, OU=SYDNEY, DC=Piedpiper, DC=COM"
"Burrow","Huyck","B.Huyck","Pass@word01","OU=Admin, OU=SYDNEY, DC=Piedpiper, DC=COM"
"Lananna","Bodman","L.Bodman","Pass@word01","OU=Admin, OU=SYDNEY, DC=Piedpiper, DC=COM"
"Lussi","Haskel","L.Haskel","Pass@word01","OU=Admin, OU=SYDNEY, DC=Piedpiper, DC=COM"
"Norita","Deschino","N.Deschino","Pass@word01","OU=Admin, OU=SYDNEY, DC=Piedpiper, DC=COM"
"Lemaceon","Avita","L.Avita","Pass@word01","OU=Admin, OU=SYDNEY, DC=Piedpiper, DC=COM"
"Gove","Force","G.Force","Pass@word01","OU=Admin, OU=SYDNEY, DC=Piedpiper, DC=COM"
"Pinsky","Hogy","P.Hogy","Pass@word01","OU=Admin, OU=SYDNEY, DC=Piedpiper, DC=COM"
"Faubert","Hurtz","F.Hurtz","Pass@word01","OU=Admin, OU=SYDNEY, DC=Piedpiper, DC=COM"
"Zoeller","Turiano","Z.Turiano","Pass@word01","OU=Admin, OU=SYDNEY, DC=Piedpiper, DC=COM"
"Merle","Prasser","M.Prasser","Pass@word01","OU=Admin, OU=SYDNEY, DC=Piedpiper, DC=COM"
"Ahasuerus","Catucci","A.Catucci","Pass@word01","OU=Admin, OU=SYDNEY, DC=Piedpiper, DC=COM"
"Ezaria","Mccage","E.Mccage","Pass@word01","OU=Admin, OU=SYDNEY, DC=Piedpiper, DC=COM"
"Stonwin","Kossakowski","S.Kossakowski","Pass@word01","OU=Admin, OU=SYDNEY, DC=Piedpiper, DC=COM"
"Barnet","Arendash","B.Arendash","Pass@word01","OU=Admin, OU=SYDNEY, DC=Piedpiper, DC=COM"
"Andromada","Pijanowski","A.Pijanowski","Pass@word01","OU=Admin, OU=SYDNEY, DC=Piedpiper, DC=COM"
"Mame","Toribio","M.Toribio","Pass@word01","OU=Admin, OU=SYDNEY, DC=Piedpiper, DC=COM"
"Gally","Kibler","G.Kibler","Pass@word01","OU=Admin, OU=SYDNEY, DC=Piedpiper, DC=COM"
"Akim","Bonifacio","A.Bonifacio","Pass@word01","OU=Admin, OU=SYDNEY, DC=Piedpiper, DC=COM"
"Bilek","Shellenbarger","B.Shellenbarger","Pass@word01","OU=Admin, OU=SYDNEY, DC=Piedpiper, DC=COM"
"Bronson","Dudak","B.Dudak","Pass@word01","OU=Admin, OU=SYDNEY, DC=Piedpiper, DC=COM"
"Lipps","Leebrick","L.Leebrick","Pass@word01","OU=Admin, OU=SYDNEY, DC=Piedpiper, DC=COM"
"Yelich","Madrano","Y.Madrano","Pass@word01","OU=Admin, OU=SYDNEY, DC=Piedpiper, DC=COM"
"Spracklen","Hargroder","S.Hargroder","Pass@word01","OU=Admin, OU=SYDNEY, DC=Piedpiper, DC=COM"
"Merkle","Janovsek","M.Janovsek","Pass@word01","OU=Admin, OU=SYDNEY, DC=Piedpiper, DC=COM"
"Vanda","Doring","V.Doring","Pass@word01","OU=Admin, OU=SYDNEY, DC=Piedpiper, DC=COM"
"Sikata","Ringwood","S.Ringwood","Pass@word01","OU=Admin, OU=SYDNEY, DC=Piedpiper, DC=COM"
"Berry","Vanskiver","B.Vanskiver","Pass@word01","OU=Admin, OU=SYDNEY, DC=Piedpiper, DC=COM"
"Eldrida","Stubbins","E.Stubbins","Pass@word01","OU=Admin, OU=SYDNEY, DC=Piedpiper, DC=COM"
"Staci","Orejuela","S.Orejuela","Pass@word01","OU=Admin, OU=SYDNEY, DC=Piedpiper, DC=COM"
"Rachael","Diliberti","R.Diliberti","Pass@word01","OU=Admin, OU=SYDNEY, DC=Piedpiper, DC=COM"
"Arjan","Pertee","A.Pertee","Pass@word01","OU=Admin, OU=SYDNEY, DC=Piedpiper, DC=COM"
"Consuelo","Engelbert","C.Engelbert","Pass@word01","OU=Admin, OU=SYDNEY, DC=Piedpiper, DC=COM"
"Vona","Asbury","V.Asbury","Pass@word01","OU=Admin, OU=SYDNEY, DC=Piedpiper, DC=COM"
"Dodi","Galarneau","D.Galarneau","Pass@word01","OU=Admin, OU=SYDNEY, DC=Piedpiper, DC=COM"
"Cardinal","Loma","C.Loma","Pass@word01","OU=Admin, OU=SYDNEY, DC=Piedpiper, DC=COM"
"Mort","Kelsheimer","M.Kelsheimer","Pass@word01","OU=Admin, OU=SYDNEY, DC=Piedpiper, DC=COM"
"Willumsen","Loewenthal","W.Loewenthal","Pass@word01","OU=Admin, OU=SYDNEY, DC=Piedpiper, DC=COM"
"Cummings","Vicks","C.Vicks","Pass@word01","OU=Admin, OU=SYDNEY, DC=Piedpiper, DC=COM"
"Vivienne","Grillo","V.Grillo","Pass@word01","OU=Admin, OU=SYDNEY, DC=Piedpiper, DC=COM"
"Scrivenor","Furrh","S.Furrh","Pass@word01","OU=Admin, OU=SYDNEY, DC=Piedpiper, DC=COM"
"Cobbie","Vorachek","C.Vorachek","Pass@word01","OU=Admin, OU=SYDNEY, DC=Piedpiper, DC=COM"
"Darrin","Ritzert","D.Ritzert","Pass@word01","OU=Admin, OU=SYDNEY, DC=Piedpiper, DC=COM"
"Dagney","Escalante","D.Escalante","Pass@word01","OU=Admin, OU=SYDNEY, DC=Piedpiper, DC=COM"
"Dreda","Piurkowski","D.Piurkowski","Pass@word01","OU=Admin, OU=SYDNEY, DC=Piedpiper, DC=COM"
"Coh","Banh","C.Banh","Pass@word01","OU=Admin, OU=SYDNEY, DC=Piedpiper, DC=COM"
"Wallinga","Blumenkrantz","W.Blumenkrantz","Pass@word01","OU=Admin, OU=SYDNEY, DC=Piedpiper, DC=COM"
"Ganley","Reddout","G.Reddout","Pass@word01","OU=Admin, OU=SYDNEY, DC=Piedpiper, DC=COM"
"Braynard","Gardemal","B.Gardemal","Pass@word01","OU=Admin, OU=SYDNEY, DC=Piedpiper, DC=COM"
"Dincolo","Kindell","D.Kindell","Pass@word01","OU=Admin, OU=SYDNEY, DC=Piedpiper, DC=COM"
"Matthieu","Leddy","M.Leddy","Pass@word01","OU=Level1, OU=IT, OU=SYDNEY, DC=Piedpiper, DC=COM"
"Burke","Mishler","B.Mishler","Pass@word01","OU=Level1, OU=IT, OU=SYDNEY, DC=Piedpiper, DC=COM"
"Newton","Aronson","N.Aronson","Pass@word01","OU=Level1, OU=IT, OU=SYDNEY, DC=Piedpiper, DC=COM"
"Binnie","Majors","B.Majors","Pass@word01","OU=Level1, OU=IT, OU=SYDNEY, DC=Piedpiper, DC=COM"
"Normie","Rando","N.Rando","Pass@word01","OU=Level1, OU=IT, OU=SYDNEY, DC=Piedpiper, DC=COM"
"Ludlew","Romberg","L.Romberg","Pass@word01","OU=Level1, OU=IT, OU=SYDNEY, DC=Piedpiper, DC=COM"
"Palermo","Denboer","P.Denboer","Pass@word01","OU=Level1, OU=IT, OU=SYDNEY, DC=Piedpiper, DC=COM"
"Knox","Eidinger","K.Eidinger","Pass@word01","OU=Level1, OU=IT, OU=SYDNEY, DC=Piedpiper, DC=COM"
"Vannie","Paskell","V.Paskell","Pass@word01","OU=Level1, OU=IT, OU=SYDNEY, DC=Piedpiper, DC=COM"
"Conn","Gayman","C.Gayman","Pass@word01","OU=Level1, OU=IT, OU=SYDNEY, DC=Piedpiper, DC=COM"
"Bibbye","Follis","B.Follis","Pass@word01","OU=Level2, OU=IT, OU=SYDNEY, DC=Piedpiper, DC=COM"
"Israeli","Servant","I.Servant","Pass@word01","OU=Level2, OU=IT, OU=SYDNEY, DC=Piedpiper, DC=COM"
"Fraser","Ahrenstorff","F.Ahrenstorff","Pass@word01","OU=Level2, OU=IT, OU=SYDNEY, DC=Piedpiper, DC=COM"
"Syverson","Bastos","S.Bastos","Pass@word01","OU=Level2, OU=IT, OU=SYDNEY, DC=Piedpiper, DC=COM"
"Cutty","Anteby","C.Anteby","Pass@word01","OU=Level2, OU=IT, OU=SYDNEY, DC=Piedpiper, DC=COM"
"Murton","Blackgoat","M.Blackgoat","Pass@word01","OU=Level2, OU=IT, OU=SYDNEY, DC=Piedpiper, DC=COM"
"Pollux","Aarant","P.Aarant","Pass@word01","OU=Level2, OU=IT, OU=SYDNEY, DC=Piedpiper, DC=COM"
"Adrien","Wiersma","A.Wiersma","Pass@word01","OU=Level2, OU=IT, OU=SYDNEY, DC=Piedpiper, DC=COM"
"Olva","Fedde","O.Fedde","Pass@word01","OU=Level2, OU=IT, OU=SYDNEY, DC=Piedpiper, DC=COM"
"Deroo","Auton","D.Auton","Pass@word01","OU=Level2, OU=IT, OU=SYDNEY, DC=Piedpiper, DC=COM"
"Rimas","Kuszlyk","R.Kuszlyk","Pass@word01","OU=Level2, OU=IT, OU=SYDNEY, DC=Piedpiper, DC=COM"
"Johst","Philippi","J.Philippi","Pass@word01","OU=Level2, OU=IT, OU=SYDNEY, DC=Piedpiper, DC=COM"
"Compte","Ferrill","C.Ferrill","Pass@word01","OU=Level2, OU=IT, OU=SYDNEY, DC=Piedpiper, DC=COM"
"Kotick","Hipp","K.Hipp","Pass@word01","OU=Level2, OU=IT, OU=SYDNEY, DC=Piedpiper, DC=COM"
"Trahern","Addiego","T.Addiego","Pass@word01","OU=Level2, OU=IT, OU=SYDNEY, DC=Piedpiper, DC=COM"
"See","Lougee","S.Lougee","Pass@word01","OU=Level2, OU=IT, OU=SYDNEY, DC=Piedpiper, DC=COM"
"Waldack","Lindblom","W.Lindblom","Pass@word01","OU=Level2, OU=IT, OU=SYDNEY, DC=Piedpiper, DC=COM"
"Chellman","Rattanasinh","C.Rattanasinh","Pass@word01","OU=Level2, OU=IT, OU=SYDNEY, DC=Piedpiper, DC=COM"
"Maisey","Ernesto","M.Ernesto","Pass@word01","OU=Level2, OU=IT, OU=SYDNEY, DC=Piedpiper, DC=COM"
"Sonia","Erspamer","S.Erspamer","Pass@word01","OU=Level2, OU=IT, OU=SYDNEY, DC=Piedpiper, DC=COM"
"Ruffin","Flenord","R.Flenord","Pass@word01","OU=Level3, OU=IT, OU=SYDNEY, DC=Piedpiper, DC=COM"
"Wendi","Agbayani","W.Agbayani","Pass@word01","OU=Level3, OU=IT, OU=SYDNEY, DC=Piedpiper, DC=COM"
"Amelita","Agena","A.Agena","Pass@word01","OU=Level3, OU=IT, OU=SYDNEY, DC=Piedpiper, DC=COM"
"Dulci","Cothern","D.Cothern","Pass@word01","OU=Level3, OU=IT, OU=SYDNEY, DC=Piedpiper, DC=COM"
"Vander","Trone","V.Trone","Pass@word01","OU=Level3, OU=IT, OU=SYDNEY, DC=Piedpiper, DC=COM"
"Natalee","Hackerott","N.Hackerott","Pass@word01","OU=Level3, OU=IT, OU=SYDNEY, DC=Piedpiper, DC=COM"
"Cathy","Arjune","C.Arjune","Pass@word01","OU=Level3, OU=IT, OU=SYDNEY, DC=Piedpiper, DC=COM"
"Erdman","Horstman","E.Horstman","Pass@word01","OU=Level3, OU=IT, OU=SYDNEY, DC=Piedpiper, DC=COM"
"Hunsinger","Somes","H.Somes","Pass@word01","OU=Level3, OU=IT, OU=SYDNEY, DC=Piedpiper, DC=COM"
"Uela","Sobilo","U.Sobilo","Pass@word01","OU=Level3, OU=IT, OU=SYDNEY, DC=Piedpiper, DC=COM"
"Tedric","Thanpaeng","T.Thanpaeng","Pass@word01","OU=Level3, OU=IT, OU=SYDNEY, DC=Piedpiper, DC=COM"
"Felder","Bakko","F.Bakko","Pass@word01","OU=Level3, OU=IT, OU=SYDNEY, DC=Piedpiper, DC=COM"
"Felike","Jahns","F.Jahns","Pass@word01","OU=Level3, OU=IT, OU=SYDNEY, DC=Piedpiper, DC=COM"
"Adaminah","Billard","A.Billard","Pass@word01","OU=Level3, OU=IT, OU=SYDNEY, DC=Piedpiper, DC=COM"
"Madelle","Labrada","M.Labrada","Pass@word01","OU=Level3, OU=IT, OU=SYDNEY, DC=Piedpiper, DC=COM"
"Robert","Sinkey","R.Sinkey","Pass@word01","OU=Level3, OU=IT, OU=SYDNEY, DC=Piedpiper, DC=COM"
"Ashraf","Rijos","A.Rijos","Pass@word01","OU=Level3, OU=IT, OU=SYDNEY, DC=Piedpiper, DC=COM"
"Calista","Szalay","C.Szalay","Pass@word01","OU=Level3, OU=IT, OU=SYDNEY, DC=Piedpiper, DC=COM"
"Whittaker","Gurney","W.Gurney","Pass@word01","OU=Level3, OU=IT, OU=SYDNEY, DC=Piedpiper, DC=COM"
"Strephon","Netkowicz","S.Netkowicz","Pass@word01","OU=Level3, OU=IT, OU=SYDNEY, DC=Piedpiper, DC=COM"
"Boles","Deslandes","B.Deslandes","Pass@word01","OU=Level3, OU=IT, OU=SYDNEY, DC=Piedpiper, DC=COM"
"Dacy","Pfieffer","D.Pfieffer","Pass@word01","OU=Managers, OU=CANBERRA, DC=Piedpiper, DC=COM"
"Innis","Truelove","I.Truelove","Pass@word01","OU=Managers, OU=CANBERRA, DC=Piedpiper, DC=COM"
"Schnorr","Steenburgh","S.Steenburgh","Pass@word01","OU=Managers, OU=CANBERRA, DC=Piedpiper, DC=COM"
"Harmony","Trullinger","H.Trullinger","Pass@word01","OU=Managers, OU=CANBERRA, DC=Piedpiper, DC=COM"
"Shel","Hain","S.Hain","Pass@word01","OU=Managers, OU=CANBERRA, DC=Piedpiper, DC=COM"
"O'Neil","Wechsler","O.Wechsler","Pass@word01","OU=Managers, OU=CANBERRA, DC=Piedpiper, DC=COM"
"Noelani","Bussman","N.Bussman","Pass@word01","OU=Accounting, OU=CANBERRA, DC=Piedpiper, DC=COM"
"Follmer","Morelli","F.Morelli","Pass@word01","OU=Accounting, OU=CANBERRA, DC=Piedpiper, DC=COM"
"Lavella","Nykiel","L.Nykiel","Pass@word01","OU=Accounting, OU=CANBERRA, DC=Piedpiper, DC=COM"
"Jodi","Zbierski","J.Zbierski","Pass@word01","OU=Accounting, OU=CANBERRA, DC=Piedpiper, DC=COM"
"Cobbie","Brechner","C.Brechner","Pass@word01","OU=Accounting, OU=CANBERRA, DC=Piedpiper, DC=COM"
"Epp","Borsos","E.Borsos","Pass@word01","OU=Accounting, OU=CANBERRA, DC=Piedpiper, DC=COM"
"Myrtice","Lui","M.Lui","Pass@word01","OU=Accounting, OU=CANBERRA, DC=Piedpiper, DC=COM"
"Saylor","Piedigrossi","S.Piedigrossi","Pass@word01","OU=Accounting, OU=CANBERRA, DC=Piedpiper, DC=COM"
"Delmore","Humbarger","D.Humbarger","Pass@word01","OU=Accounting, OU=CANBERRA, DC=Piedpiper, DC=COM"
"Epp","Smyrski","E.Smyrski","Pass@word01","OU=Accounting, OU=CANBERRA, DC=Piedpiper, DC=COM"
"Maziar","Esmaili","M.Esmaili","Pass@word01","OU=Design, OU=CANBERRA, DC=Piedpiper, DC=COM"
"Rillis","Wassenaar","R.Wassenaar","Pass@word01","OU=Design, OU=CANBERRA, DC=Piedpiper, DC=COM"
"Bliss","Lapinsky","B.Lapinsky","Pass@word01","OU=Design, OU=CANBERRA, DC=Piedpiper, DC=COM"
"Nina","Urrea","N.Urrea","Pass@word01","OU=Design, OU=CANBERRA, DC=Piedpiper, DC=COM"
"Bowes","Talamas","B.Talamas","Pass@word01","OU=Design, OU=CANBERRA, DC=Piedpiper, DC=COM"
"Ylla","Kurpinski","Y.Kurpinski","Pass@word01","OU=Design, OU=CANBERRA, DC=Piedpiper, DC=COM"
"Joanie","Enderlin","J.Enderlin","Pass@word01","OU=Design, OU=CANBERRA, DC=Piedpiper, DC=COM"
"Roderica","Accornero","R.Accornero","Pass@word01","OU=Design, OU=CANBERRA, DC=Piedpiper, DC=COM"
"Nims","Planer","N.Planer","Pass@word01","OU=Design, OU=CANBERRA, DC=Piedpiper, DC=COM"
"Tung","Trousdale","T.Trousdale","Pass@word01","OU=Design, OU=CANBERRA, DC=Piedpiper, DC=COM"
"Kacey","Drossman","K.Drossman","Pass@word01","OU=Design, OU=CANBERRA, DC=Piedpiper, DC=COM"
"Ambrosia","Bialaszewski","A.Bialaszewski","Pass@word01","OU=Design, OU=CANBERRA, DC=Piedpiper, DC=COM"
"Brunelle","Stoneham","B.Stoneham","Pass@word01","OU=Design, OU=CANBERRA, DC=Piedpiper, DC=COM"
"Rosene","Armor","R.Armor","Pass@word01","OU=HR, OU=CANBERRA, DC=Piedpiper, DC=COM"
"Ches","Degrazia","C.Degrazia","Pass@word01","OU=HR, OU=CANBERRA, DC=Piedpiper, DC=COM"
"Gusba","Socorro","G.Socorro","Pass@word01","OU=HR, OU=CANBERRA, DC=Piedpiper, DC=COM"
"Tengdin","Usry","T.Usry","Pass@word01","OU=HR, OU=CANBERRA, DC=Piedpiper, DC=COM"
"Sigvard","Lower","S.Lower","Pass@word01","OU=HR, OU=CANBERRA, DC=Piedpiper, DC=COM"
"Bobinette","Ogston","B.Ogston","Pass@word01","OU=HR, OU=CANBERRA, DC=Piedpiper, DC=COM"
"Johnsson","Carleo","J.Carleo","Pass@word01","OU=HR, OU=CANBERRA, DC=Piedpiper, DC=COM"
"Michon","Rexrode","M.Rexrode","Pass@word01","OU=HR, OU=CANBERRA, DC=Piedpiper, DC=COM"
"Lilyan","Gair","L.Gair","Pass@word01","OU=HR, OU=CANBERRA, DC=Piedpiper, DC=COM"
"Marilee","Mareno","M.Mareno","Pass@word01","OU=HR, OU=CANBERRA, DC=Piedpiper, DC=COM"
"Doxia","Diedrich","D.Diedrich","Pass@word01","OU=HR, OU=CANBERRA, DC=Piedpiper, DC=COM"
"Seigler","Prass","S.Prass","Pass@word01","OU=HR, OU=CANBERRA, DC=Piedpiper, DC=COM"
"Riccio","Fellhauer","R.Fellhauer","Pass@word01","OU=Admin, OU=CANBERRA, DC=Piedpiper, DC=COM"
"Letta","Hano","L.Hano","Pass@word01","OU=Admin, OU=CANBERRA, DC=Piedpiper, DC=COM"
"Cooper","Bisges","C.Bisges","Pass@word01","OU=Admin, OU=CANBERRA, DC=Piedpiper, DC=COM"
"Gilchrist","Altmann","G.Altmann","Pass@word01","OU=Admin, OU=CANBERRA, DC=Piedpiper, DC=COM"
"Tillie","Levay","T.Levay","Pass@word01","OU=Admin, OU=CANBERRA, DC=Piedpiper, DC=COM"
"Verile","Luscombe","V.Luscombe","Pass@word01","OU=Admin, OU=CANBERRA, DC=Piedpiper, DC=COM"
"Chellman","Ahle","C.Ahle","Pass@word01","OU=Admin, OU=CANBERRA, DC=Piedpiper, DC=COM"
"Eamon","Krzyston","E.Krzyston","Pass@word01","OU=Admin, OU=CANBERRA, DC=Piedpiper, DC=COM"
"Gusella","Bollen","G.Bollen","Pass@word01","OU=Admin, OU=CANBERRA, DC=Piedpiper, DC=COM"
"Ede","Barb","E.Barb","Pass@word01","OU=Admin, OU=CANBERRA, DC=Piedpiper, DC=COM"
"Ynez","Yasuda","Y.Yasuda","Pass@word01","OU=Admin, OU=CANBERRA, DC=Piedpiper, DC=COM"
"Themis","Leusink","T.Leusink","Pass@word01","OU=Admin, OU=CANBERRA, DC=Piedpiper, DC=COM"
"Ferdinanda","Wiuff","F.Wiuff","Pass@word01","OU=Level1, OU=IT, OU=CANBERRA, DC=Piedpiper, DC=COM"
"Haslett","Talavera","H.Talavera","Pass@word01","OU=Level1, OU=IT, OU=CANBERRA, DC=Piedpiper, DC=COM"
"Ladonna","Goshi","L.Goshi","Pass@word01","OU=Level2, OU=IT, OU=CANBERRA, DC=Piedpiper, DC=COM"
"Zipnick","Spingola","Z.Spingola","Pass@word01","OU=Level2, OU=IT, OU=CANBERRA, DC=Piedpiper, DC=COM"
"Rahel","Telander","R.Telander","Pass@word01","OU=Level3, OU=IT, OU=CANBERRA, DC=Piedpiper, DC=COM"
